{"cameraMode":{"drawMode":0,"name":"Shaded","section":"Shading Mode"},"sceneLighting":true,"audioPlay":false,"sceneViewState":{"m_AlwaysRefresh":false,"showFog":true,"showSkybox":true,"showFlares":true,"showImageEffects":true,"showParticleSystems":true,"showVisualEffectGraphs":true,"m_FxEnabled":true},"in2DMode":false,"pivot":{"x":123.34330749511719,"y":3.9393584728240969,"z":18.160531997680665},"rotation":{"x":-0.09015002846717835,"y":-0.02778572216629982,"z":0.0024993885308504106,"w":-0.9955217838287354},"size":3.540731191635132,"orthographic":false}