{"cameraMode":{"drawMode":0,"name":"Shaded","section":"Shading Mode"},"sceneLighting":true,"audioPlay":false,"sceneViewState":{"m_AlwaysRefresh":false,"showFog":true,"showSkybox":true,"showFlares":true,"showImageEffects":true,"showParticleSystems":true,"showVisualEffectGraphs":true,"m_FxEnabled":true},"in2DMode":false,"pivot":{"x":147.16262817382813,"y":-2.8419132232666017,"z":62.445404052734378},"rotation":{"x":-0.12830743193626405,"y":-0.17837649583816529,"z":0.02346006967127323,"w":-0.9752601981163025},"size":35.390052795410159,"orthographic":false}