{"cameraMode":{"drawMode":0,"name":"Shaded","section":"Shading Mode"},"sceneLighting":true,"audioPlay":false,"sceneViewState":{"m_AlwaysRefresh":false,"showFog":true,"showSkybox":true,"showFlares":true,"showImageEffects":true,"showParticleSystems":true,"showVisualEffectGraphs":true,"m_FxEnabled":true},"in2DMode":false,"pivot":{"x":132.69309997558595,"y":12.341703414916993,"z":19.352495193481447},"rotation":{"x":-0.2553068697452545,"y":-0.03276946395635605,"z":0.008667314425110817,"w":-0.9662933945655823},"size":6.289202690124512,"orthographic":false}