{"cameraMode":{"drawMode":0,"name":"Shaded","section":"Shading Mode"},"sceneLighting":true,"audioPlay":false,"sceneViewState":{"m_AlwaysRefresh":false,"showFog":true,"showSkybox":false,"showFlares":true,"showImageEffects":true,"showParticleSystems":true,"showVisualEffectGraphs":true,"m_FxEnabled":true},"in2DMode":false,"pivot":{"x":125.61000061035156,"y":4.050000190734863,"z":20.450000762939454},"rotation":{"x":-0.18955951929092408,"y":-0.030335241928696634,"z":0.005856663454324007,"w":-0.9813623428344727},"size":3.540731191635132,"orthographic":false}