{"cameraMode":{"drawMode":0,"name":"Shaded","section":"Shading Mode"},"sceneLighting":true,"audioPlay":false,"sceneViewState":{"m_AlwaysRefresh":false,"showFog":true,"showSkybox":true,"showFlares":true,"showImageEffects":true,"showParticleSystems":true,"showVisualEffectGraphs":true,"m_FxEnabled":true},"in2DMode":false,"pivot":{"x":129.53770446777345,"y":6.532425403594971,"z":10.658895492553711},"rotation":{"x":-0.006307785399258137,"y":0.029094934463500978,"z":-0.00017874558398034424,"w":-0.9995894432067871},"size":5.3332133293151859,"orthographic":false}